visitor_id,visits
1,30 84 126 135 137 179 242 342 426 456 460 462 483 594 600 604 704 723 744 787 804 886 924 928 946 954
2,24 53 75 134 158 192 194 211 213 238 251 305 404 418 458 476 493 571 619 731 739 759 761 847 883 943 962 981 983
3,51 143 173 257 446 491 504 510 559 616 719 735 769 800 833 853 856 867 882 916 929 937 944 954 956 968
4,1 20 22 92 124 149 211 335 387 390 406 460 489 509 520 600 631 656 761 763 780 788 808 963 985
5,34 51 56 106 110 121 163 233 266 275 345 359 380 481 492 505 565 567 630 632 652 656 662 695 794 875
6,17 39 145 147 176 187 260 264 288 298 335 339 481 540 561 571 614 668 676 759 797 806 836 884 887 956 962
7,75 107 221 255 270 279 284 286 289 294 303 465 529 531 539 543 546 665 709 711 731 773 788 798 842 876 877 931 960
8,31 34 80 111 228 265 363 373 447 475 501 542 550 612 626 638 646 704 708 711 717 727 746 752 766 813 853 869 877 911 944 969
9,8 10 75 101 106 109 114 118 154 179 225 239 250 252 282 312 348 361 375 377 381 415 548 648 720 737 748 755 756 798 871 874 932 966
10,19 38 50 58 64 70 97 166 215 303 316 345 373 392 431 502 510 569 580 581 587 650 669 742 820 824 828 874 901 908 972
11,40 120 159 201 226 245 265 299 417 440 558 579 582 642 655 701 713 717 729 760 761 814 824 867 887 923 958 1000
12,23 29 43 64 74 150 177 179 181 222 254 272 300 307 380 384 393 413 468 489 559 602 675 696 705 709 737 740 762 769 803 819 853 862 1000
13,25 73 103 156 200 203 264 287 289 312 333 377 412 432 481 499 546 562 588 626 743 832 838 842 853 854 865 898 967
14,5 38 39 68 80 135 165 181 248 328 333 335 542 553 587 663 692 706 717 752 779 804 822 832 901
15,125 142 209 210 246 256 258 335 337 359 360 361 384 405 426 538 581 585 629 648 664 672 763 772 800 872 901 910 930 980
16,29 54 108 143 185 250 251 295 317 337 399 408 412 478 492 513 552 654 692 713 747 824 913 990
17,86 160 181 182 289 329 401 406 563 569 594 596 644 681 744 779 828 860 889 896 935 961
18,99 105 121 126 154 162 176 203 233 262 266 287 318 320 364 422 433 443 497 504 525 547 554 602 665 682 721 747 833 868 924 960 995
19,43 50 55 164 169 177 207 216 260 311 339 365 421 430 450 455 456 477 547 558 667 677 679 743 748 800 819 850 863 882 930 958
20,117 178 187 200 201 208 209 228 270 305 333 334 368 431 466 474 656 659 663 681 691 709 717 764 794 836 853 858 865 923 935 940
21,27 28 42 84 91 105 112 149 294 322 428 436 445 504 548 567 570 611 636 723 758 844 861 888 905 914 934 938 959 967
22,41 51 122 186 235 304 349 528 532 545 647 685 749 818 826 840 853 857 864 865 899 902 908 934 935
23,12 16 49 69 125 339 356 370 393 412 439 448 461 482 517 524 533 552 573 582 603 607 638 659 669 722 726 820 838 927 943 953 982
24,89 136 145 229 271 281 282 287 288 292 319 323 351 376 512 522 557 601 662 702 782 789 792 810 829 852 872 893 928 931 946
25,93 128 137 153 156 166 181 196 213 251 287 293 296 322 370 378 420 433 450 454 456 510 539 567 594 625 756 782 837 851 910 931
26,10 47 70 91 112 114 135 150 185 252 262 276 287 317 325 329 388 395 408 413 461 487 591 630 740 759 797 843 875 878 957 998
27,53 95 126 144 187 238 265 285 324 341 368 376 416 453 458 460 476 529 543 614 703 850 851 864 872 879 902 908 936 957 971 988 991
28,84 89 210 245 246 260 267 301 322 502 556 589 637 656 663 684 722 829 833 876 890 897 905 934 969 982
29,16 23 51 68 97 110 152 210 253 257 266 275 281 415 485 503 567 594 609 661 666 686 692 735 798 808 868 903 908 924
30,23 119 180 181 239 245 414 426 441 467 496 548 594 690 720 792 829 846 847 852 863 891 918 971
31,17 18 19 27 56 122 133 136 152 172 192 234 236 246 256 382 395 399 403 437 441 479 499 501 568 589 612 736 828 862 955
32,3 75 81 101 114 138 144 180 225 250 348 362 397 401 403 428 429 491 567 625 638 680 688 690 729 780 870 879 884 939 940 952 956 968 992
33,23 68 247 287 392 401 408 425 434 456 460 477 481 490 558 611 614 634 669 672 701 751 767 775 835 845 858 912 949 952 978
34,13 22 87 95 153 187 192 208 223 236 265 279 292 369 441 453 460 495 526 541 552 600 654 682 691 734 735 736 773 778 801 807 821 916 950 951 960
35,35 135 202 203 211 214 269 279 332 356 363 463 469 498 547 560 580 584 596 665 682 688 744 790 807 909 931 960 988
36,78 110 112 113 116 117 138 143 178 203 220 285 301 313 386 436 451 471 512 665 680 687 819 842 868 883 894 901 932 981 995 1001
37,3 63 72 84 107 126 134 180 184 245 250 269 274 275 303 357 366 413 486 493 525 533 536 556 597 689 694 715 717 764 792 857 878 927 928 955 963 991
38,7 12 43 113 220 323 326 351 420 462 480 496 503 538 550 563 623 692 699 711 718 755 804 832 916 944 965 967 986 997
39,163 178 210 243 268 286 292 364 374 385 399 413 418 436 531 581 602 612 618 685 728 730 756 774 790 826 837 865 903 915 952 966 971 993
40,17 18 43 46 96 108 115 136 143 150 179 183 200 311 324 393 395 444 449 453 507 512 525 558 589 621 642 667 691 722 724 752 766 770 831 906 976 984 999
41,3 33 139 154 157 175 191 199 238 276 287 304 330 332 360 378 408 476 498 541 596 600 612 721 758 773 798 802 827 834 835 850 927 931
42,107 114 130 156 226 233 246 254 289 293 298 324 338 352 374 401 407 457 465 570 611 647 664 734 773 818 834 846 876 888 890 910 972 993
43,18 57 85 92 103 116 127 144 172 211 219 243 254 288 319 324 351 352 370 372 382 414 473 567 587 614 642 695 698 714 715 722 743 795 837 847
44,24 35 38 42 52 90 91 199 217 252 293 336 392 403 404 458 460 472 483 490 495 504 516 539 560 567 623 651 705 723 749 801 824 833 875 900 935 950 962
45,16 39 63 171 176 177 198 233 273 352 380 393 394 403 404 435 439 488 515 555 556 612 627 634 636 662 674 703 723 744 767 938 992
46,10 30 48 65 100 136 144 146 199 279 323 324 325 346 352 359 388 395 405 431 445 448 456 485 513 545 625 675 689 734 744 745 766 870 897 902 909 944
47,2 9 23 159 165 200 208 212 252 257 271 320 327 360 387 446 448 504 532 549 583 603 611 766 767 777 790 830 866 922 923 965
48,6 11 47 75 79 91 96 172 202 203 249 264 305 306 328 363 403 439 470 475 492 522 536 586 612 661 670 678 740 760 790 955 965 993
49,7 16 20 96 112 124 149 243 254 272 292 293 345 449 489 519 559 585 611 624 666 684 708 740 741 754 800 849 866 915 971 982 991
50,19 27 28 31 58 93 192 203 209 248 281 289 304 307 311 314 321 352 362 381 406 435 489 532 618 653 654 673 731 762 768 824 825 851 863 864 882 884 886 904 940
51,60 128 138 149 162 171 186 204 208 209 255 309 312 320 345 371 386 389 415 465 492 500 501 520 557 582 604 607 614 627 688 698 708 801 857 866 945 958 968 989
52,59 77 100 143 162 200 411 414 425 467 551 558 569 572 605 656 689 711 742 747 762 782 803 808 859 899 930 945 956 971 983
53,49 84 116 158 168 171 172 216 281 301 304 328 349 394 475 479 573 598 601 613 625 630 647 682 709 752 754 758 784 805 818 820 821 822 835 837 901 948 996
54,6 23 43 280 322 328 379 399 459 466 469 475 476 496 538 581 603 609 658 684 716 783 808 827 853 893 926 943 952 953 961 967
55,76 78 83 124 139 177 196 206 209 253 271 291 300 317 324 326 428 496 505 522 554 668 671 684 701 719 739 839 856 873 900 906 927 947 952 988
56,61 74 117 137 166 308 334 374 387 404 423 531 544 599 642 672 681 704 722 746 786 800 823 870 914 960 975 977
57,6 183 260 281 335 357 372 379 412 426 456 484 491 512 561 568 610 620 638 652 712 735 736 750 864 873 879 893 925 932 978 981
58,21 42 54 134 222 243 252 261 266 292 301 307 320 352 364 369 379 408 437 455 469 474 525 539 579 613 621 684 825 876 896 915 990 994
59,39 129 132 150 245 256 299 311 318 344 353 395 410 426 481 504 543 550 557 558 560 584 594 605 609 613 630 647 655 699 755 784 837 851 853 866 875 959 1001
60,16 29 106 118 173 239 297 346 355 417 468 491 507 509 544 555 613 680 694 736 740 839 862 869 904 950 971 988
61,24 41 43 77 134 212 280 287 322 351 398 410 452 455 472 484 505 557 587 603 613 644 700 745 749 750 798 805 884 994 998
62,21 41 45 65 84 100 112 119 147 420 422 501 554 562 601 602 637 708 713 735 770 776 777 784 811 855 913 925 987 994
63,4 73 92 96 104 182 206 208 242 248 264 289 308 312 320 321 342 383 443 445 465 476 481 494 508 571 578 585 592 600 612 633 637 727 808 873 886 912 995
64,25 53 67 77 90 101 127 132 136 181 260 265 273 292 300 307 398 402 417 475 571 575 580 671 689 706 713 734 741 783 785 801 847 885 953 957
65,42 45 48 118 138 176 189 241 293 362 407 412 447 469 483 502 516 598 673 679 701 755 762 808 811 871 892 948 955 957 996
66,4 10 13 136 138 222 234 243 370 389 391 395 397 403 421 481 489 650 669 686 761 775 782 797 815 841 852 904 913 938 956 970 971
67,7 32 33 40 53 60 83 84 92 153 217 223 246 266 277 278 339 464 471 497 500 502 504 513 614 620 645 693 697 753 754 831 834 838 868 975 991
68,15 74 112 176 192 197 362 383 425 438 444 488 494 509 510 516 538 550 574 592 615 726 731 732 778 825 859 915 930 991
69,130 148 169 193 200 201 221 248 271 316 375 443 481 505 507 533 560 561 565 575 584 610 630 656 669 682 701 712 771 785 824 836 853 857 862 899 934
70,7 22 23 70 105 114 127 256 281 326 331 336 371 427 442 448 473 525 541 545 555 624 634 693 728 756 763 781 868 876 960 970 984 994
71,17 37 76 188 216 223 258 267 283 311 373 384 415 437 451 486 492 573 587 650 660 667 701 746 755 762 778 779 800 831 836 848 873 877 881 933 940 996
72,20 37 44 118 139 144 149 160 167 174 183 190 191 236 304 307 358 365 370 415 523 555 562 632 636 639 659 712 727 740 804 867 888 895 907 937 940 965
73,2 58 191 201 204 211 219 246 281 299 306 383 436 573 649 669 703 704 783 863 873 881 911 972 985
74,45 51 90 111 153 167 176 278 352 384 390 393 433 449 478 485 518 550 562 618 632 646 699 700 713 716 721 815 833 843 857 858 903 924 956 962 975
75,31 192 223 231 269 374 376 380 389 392 436 437 492 518 530 537 562 572 577 610 618 629 670 679 723 726 786 850 858 860 865 968 981
76,42 67 82 91 147 150 169 210 291 298 312 354 388 405 435 455 481 488 516 544 591 605 619 654 668 689 723 763 768 778 796 805 837 870 872 995
77,33 61 67 68 82 212 235 254 270 271 288 295 312 343 379 452 471 475 476 510 519 550 556 582 677 680 719 760 776 817 860 869 904 954 960 980 996
78,50 83 221 237 336 392 447 472 475 589 591 629 652 662 665 692 693 699 709 724 754 772 784 788 796 843 856 927 961 965 993
79,10 16 23 70 126 128 138 203 239 273 364 448 474 477 525 531 640 676 699 718 719 769 785 825 897 949 999
80,13 34 48 140 258 259 287 305 308 329 342 356 359 391 397 412 413 439 447 456 537 548 605 606 613 622 634 635 644 733 742 767 770 784 791 798 853 874 966
81,6 35 133 146 191 261 284 312 316 324 359 367 374 375 395 409 431 439 484 573 605 643 646 672 680 702 705 720 724 764 785 787 831 882 975
82,13 39 41 53 62 87 106 111 134 157 166 262 357 379 443 454 498 561 590 613 629 648 655 676 714 788 825 844 860 909 958 965 981 1000
83,8 26 153 185 187 221 244 322 367 473 503 506 517 528 559 573 654 658 687 689 706 741 783 817 833 841 848 865 918 948 1000
84,2 31 85 106 127 149 155 156 183 218 247 284 289 316 319 333 338 396 431 464 477 483 511 514 533 543 560 632 638 667 674 723 762 799 802 851 897 955 961
85,33 43 55 132 181 201 216 230 252 272 276 291 347 412 521 538 552 554 569 653 713 724 804 824 827 848 853 864 869 935 940 949 965
86,53 73 124 149 167 211 305 415 470 515 551 642 646 725 779 800 804 810 831 842 863 905 911 918 941 946 974 988
87,1 29 42 49 85 114 116 121 125 128 139 158 184 219 247 249 252 254 282 295 296 321 465 471 532 534 550 616 627 641 704 715 746 793 863 922 928 940 952 967 994
88,44 91 101 142 149 191 219 276 293 315 322 331 374 387 422 427 450 461 478 499 510 553 569 590 614 644 665 705 716 730 737 738 750 755 819 821 878
89,34 52 64 84 132 147 155 164 188 215 286 338 379 400 461 479 533 539 547 561 649 664 692 717 722 757 814 847 883 979 987 994
90,13 16 31 80 177 216 227 272 290 301 364 385 428 443 491 623 640 736 756 768 778 780 811 812 815 845 847 857 884 923 937
91,27 35 89 96 100 110 133 170 182 226 233 257 320 321 334 348 359 399 460 476 595 642 643 670 686 693 727 730 758 794 797 803 804 814 845 849
92,39 47 51 79 81 82 86 95 114 133 156 186 195 221 246 261 275 314 319 330 379 390 408 420 505 560 571 641 676 681 689 726 753 761 790 793 828 892 929
93,34 37 48 95 167 172 186 200 202 235 273 298 316 323 503 524 539 601 656 687 819 839 844 867 947 950 970
94,37 46 56 64 68 113 121 140 160 161 196 214 283 313 341 366 375 391 409 410 457 462 463 489 518 561 590 632 785 820 827 863 906 918 919 938 957
95,67 122 220 242 326 336 350 371 431 462 490 511 560 597 613 651 662 679 704 711 717 790 886 892 921 938 945 1001
96,40 81 82 87 143 171 218 290 322 323 375 453 456 458 469 496 500 516 572 675 719 721 745 748 749 819 862 895 931 952 973 987
97,54 103 135 158 178 185 279 281 334 447 483 502 530 537 567 637 691 770 790 796 804 816 843 845 861 895 899 913 936 951 992
98,2 37 51 73 74 93 102 107 136 163 203 205 227 240 243 282 293 422 429 432 450 486 495 507 525 528 552 558 590 637 674 684 704 721 792 845 879 908 923
99,38 58 134 141 171 203 226 243 289 310 320 379 386 387 451 482 489 499 508 531 645 674 695 711 713 724 727 732 750 757 793 799 812 813 880 907 911 914 919 930